Cenario,PR_AUC,ROC_AUC,Queda_PR_AUC_pct
Atendimento inicial completo,0.5244683326770825,0.7108246957707366,0.0
Sem tipo do acidente e veículos,0.39626197587060785,0.6285311629783294,24.44501389665634
